community,n,mean,median,std
296,1,0.3333333333333333,0.3333333333333333,
284,1,0.3333333333333333,0.3333333333333333,
86,1,0.3333333333333333,0.3333333333333333,
57,20,0.29908122493261813,0.42857142857142855,0.23281526154511784
77,5,0.2795739348370927,0.3333333333333333,0.14173730058720915
46,16,0.2748128097392803,0.25,0.1616117451721957
109,1,0.25,0.25,
236,1,0.25,0.25,
56,21,0.23878125249199994,0.25,0.1519402174214374
80,5,0.22042360803970712,0.17647058823529413,0.15661208144616712
70,4,0.2102732793522267,0.1513157894736842,0.24382473450322303
60,16,0.20787693451199643,0.17647058823529413,0.17401747868752182
45,23,0.2005560658811433,0.17647058823529413,0.16586679560741258
32,34,0.19944644127397723,0.1111111111111111,0.18595869870052525
58,18,0.19435981020088347,0.17647058823529413,0.15128945577290645
22,82,0.18688436501620825,0.1111111111111111,0.1714943128191522
17,124,0.18633122788970186,0.17647058823529413,0.15007510979435185
39,28,0.18490493363337238,0.21323529411764708,0.16150301327227154
40,35,0.18251589434694257,0.1111111111111111,0.14525703231769677
102,1,0.17647058823529413,0.17647058823529413,
316,1,0.17647058823529413,0.17647058823529413,
211,1,0.17647058823529413,0.17647058823529413,
72,1,0.17647058823529413,0.17647058823529413,
331,1,0.17647058823529413,0.17647058823529413,
49,14,0.1746031746031746,0.18055555555555555,0.1258534829570978
65,14,0.1736018968991105,0.17647058823529413,0.12134563923249622
34,49,0.17342221253259352,0.17647058823529413,0.15689886776518638
52,12,0.16969097580552686,0.17647058823529413,0.11336390765523892
67,11,0.16601776276698876,0.17647058823529413,0.10390792173602896
20,105,0.15970339552825177,0.1111111111111111,0.13672970349331062
14,153,0.14980682366707984,0.1111111111111111,0.13497331978115057
9,218,0.147180119060711,0.1111111111111111,0.13291889037499224
23,81,0.14389711500134617,0.1111111111111111,0.12473198536057714
89,4,0.1437908496732026,0.1437908496732026,0.03773531171174025
54,17,0.140988283858435,0.1111111111111111,0.12010766124962406
50,21,0.1400817636996319,0.05263157894736842,0.15183492446061986
13,145,0.13835959066022052,0.1111111111111111,0.11047073830561066
29,70,0.1338658270325674,0.1111111111111111,0.10641505797081624
11,232,0.13305079756785212,0.1111111111111111,0.12117602582985058
15,114,0.13288294696148695,0.1111111111111111,0.11606187814942956
27,67,0.13110064696174395,0.05263157894736842,0.1678673363273245
26,73,0.1308910564392137,0.1111111111111111,0.12736133150671078
35,50,0.1301108162563271,0.1111111111111111,0.11883792100155487
8,256,0.1297662948023339,0.1111111111111111,0.12359752518239249
12,172,0.12612853492776455,0.1111111111111111,0.10944157998072618
33,36,0.12494027825555173,0.08187134502923976,0.12182619439136098
19,92,0.12334918711954652,0.1111111111111111,0.102837589349571
31,62,0.12272141454204771,0.1111111111111111,0.12479576224639002
6,412,0.1218525770304453,0.1111111111111111,0.12384841826997053
16,121,0.12161582046186606,0.1111111111111111,0.09365085836021451
4,611,0.12051100558875966,0.1111111111111111,0.11941805283449276
30,45,0.11369545869029872,0.05263157894736842,0.13154909424590114
38,44,0.11240975656610332,0.1111111111111111,0.10913352062307408
173,1,0.1111111111111111,0.1111111111111111,
116,1,0.1111111111111111,0.1111111111111111,
198,1,0.1111111111111111,0.1111111111111111,
143,1,0.1111111111111111,0.1111111111111111,
203,1,0.1111111111111111,0.1111111111111111,
292,1,0.1111111111111111,0.1111111111111111,
247,1,0.1111111111111111,0.1111111111111111,
93,1,0.1111111111111111,0.1111111111111111,
88,1,0.1111111111111111,0.1111111111111111,
303,1,0.1111111111111111,0.1111111111111111,
3,617,0.10904109126683151,0.05263157894736842,0.11522146968746919
10,232,0.10783833054837645,0.05263157894736842,0.12300356881336831
28,65,0.10665502368288746,0.1111111111111111,0.08875951205907291
37,58,0.10393609954568639,0.1111111111111111,0.09407037663836955
0,1691,0.10305828522237374,0.05263157894736842,0.10647300218917022
5,482,0.10037430425101763,0.05263157894736842,0.10118936173867588
82,4,0.09967320261437909,0.1111111111111111,0.07324442472337359
83,4,0.09967320261437909,0.1111111111111111,0.07324442472337359
1,1472,0.09432729362281203,0.05263157894736842,0.10166926346021808
2,673,0.09384196395821254,0.05263157894736842,0.0991586818248033
55,21,0.09335839598997493,0.05263157894736842,0.11721945221058475
62,11,0.09168308471714046,0.05263157894736842,0.09867820878754444
94,3,0.09161793372319688,0.1111111111111111,0.033763173636820215
36,59,0.09091535239407413,0.05263157894736842,0.11567741556586512
99,2,0.08823529411764706,0.08823529411764706,0.12478354962115545
101,2,0.08823529411764706,0.08823529411764706,0.12478354962115545
87,4,0.08823529411764706,0.08823529411764706,0.10188534162169867
42,28,0.08509939063344636,0.05263157894736842,0.10046549710331867
24,81,0.08213252812496018,0.05263157894736842,0.07578784877235815
81,2,0.08187134502923976,0.08187134502923976,0.04135127375359927
92,2,0.08187134502923976,0.08187134502923976,0.04135127375359927
133,2,0.08187134502923976,0.08187134502923976,0.04135127375359927
21,79,0.0813281341850531,0.05263157894736842,0.08218851621863914
61,14,0.07951250675708879,0.05263157894736842,0.09358241268508136
51,15,0.07934869854374499,0.05263157894736842,0.10011600466756018
48,26,0.07795837633298934,0.05263157894736842,0.09939045596536916
47,28,0.07422354906875031,0.05263157894736842,0.08075469528593861
76,7,0.07282913165266106,0.1111111111111111,0.07193785353597842
18,119,0.07192216411848537,0.05263157894736842,0.08104111904677011
63,17,0.07164754446670309,0.05263157894736842,0.08337996915496103
25,81,0.07151745255173761,0.05263157894736842,0.08784455247941736
7,415,0.07104348397570823,0.05263157894736842,0.08011820140509356
59,15,0.06811145510835913,0.05263157894736842,0.07151444305110234
44,25,0.06651530787753698,0.05263157894736842,0.07817628409187288
66,11,0.06548456703255465,0.05263157894736842,0.056646910105730836
41,35,0.06542441538018716,0.05263157894736842,0.0906213691420926
43,25,0.06400904221337658,0.05263157894736842,0.09554821641875476
64,14,0.060297803331859065,0.05263157894736842,0.06605910649135595
75,6,0.05670221304896228,0.02631578947368421,0.07343947826482707
68,12,0.05670221304896228,0.02631578947368421,0.07002179509922742
137,2,0.05555555555555555,0.05555555555555555,0.07856742013183861
139,2,0.05555555555555555,0.05555555555555555,0.07856742013183861
129,2,0.05555555555555555,0.05555555555555555,0.07856742013183861
141,2,0.05555555555555555,0.05555555555555555,0.07856742013183861
130,2,0.05555555555555555,0.05555555555555555,0.07856742013183861
78,5,0.05380116959064327,0.05263157894736842,0.03931634225490435
201,1,0.05263157894736842,0.05263157894736842,
128,1,0.05263157894736842,0.05263157894736842,
112,1,0.05263157894736842,0.05263157894736842,
155,1,0.05263157894736842,0.05263157894736842,
218,1,0.05263157894736842,0.05263157894736842,
183,1,0.05263157894736842,0.05263157894736842,
167,1,0.05263157894736842,0.05263157894736842,
215,1,0.05263157894736842,0.05263157894736842,
157,1,0.05263157894736842,0.05263157894736842,
194,1,0.05263157894736842,0.05263157894736842,
136,1,0.05263157894736842,0.05263157894736842,
148,1,0.05263157894736842,0.05263157894736842,
278,1,0.05263157894736842,0.05263157894736842,
220,1,0.05263157894736842,0.05263157894736842,
233,1,0.05263157894736842,0.05263157894736842,
265,1,0.05263157894736842,0.05263157894736842,
267,1,0.05263157894736842,0.05263157894736842,
276,1,0.05263157894736842,0.05263157894736842,
98,1,0.05263157894736842,0.05263157894736842,
343,1,0.05263157894736842,0.05263157894736842,
328,1,0.05263157894736842,0.05263157894736842,
322,1,0.05263157894736842,0.05263157894736842,
309,1,0.05263157894736842,0.05263157894736842,
280,1,0.05263157894736842,0.05263157894736842,
290,1,0.05263157894736842,0.05263157894736842,
53,19,0.048938134810710986,0.05263157894736842,0.04854586024819116
74,6,0.04580896686159844,0.02631578947368421,0.054535625892846024
73,9,0.04532163742690058,0.0,0.08087319699379725
91,3,0.037037037037037035,0.0,0.06415002990995841
95,3,0.03508771929824561,0.05263157894736842,0.030386856273138196
71,7,0.030910609857978277,0.0,0.04320027894351845
85,2,0.02631578947368421,0.02631578947368421,0.03721614637823934
103,2,0.02631578947368421,0.02631578947368421,0.03721614637823934
140,2,0.02631578947368421,0.02631578947368421,0.03721614637823934
111,2,0.02631578947368421,0.02631578947368421,0.03721614637823934
69,9,0.024041585445094216,0.0,0.039818125177028256
79,5,0.021052631578947368,0.0,0.028827503026587688
96,3,0.017543859649122806,0.0,0.030386856273138196
169,1,0.0,0.0,
162,1,0.0,0.0,
161,1,0.0,0.0,
156,1,0.0,0.0,
163,1,0.0,0.0,
187,1,0.0,0.0,
188,1,0.0,0.0,
127,2,0.0,0.0,0.0
124,1,0.0,0.0,
125,1,0.0,0.0,
126,1,0.0,0.0,
138,1,0.0,0.0,
123,2,0.0,0.0,0.0
118,1,0.0,0.0,
119,1,0.0,0.0,
132,1,0.0,0.0,
106,2,0.0,0.0,0.0
107,2,0.0,0.0,0.0
108,1,0.0,0.0,
105,1,0.0,0.0,
176,1,0.0,0.0,
131,1,0.0,0.0,
142,1,0.0,0.0,
217,1,0.0,0.0,
214,1,0.0,0.0,
209,1,0.0,0.0,
207,1,0.0,0.0,
190,1,0.0,0.0,
202,1,0.0,0.0,
339,1,0.0,0.0,
334,1,0.0,0.0,
301,1,0.0,0.0,
306,1,0.0,0.0,
330,1,0.0,0.0,
333,1,0.0,0.0,
326,1,0.0,0.0,
320,1,0.0,0.0,
315,1,0.0,0.0,
317,1,0.0,0.0,
258,1,0.0,0.0,
255,1,0.0,0.0,
254,1,0.0,0.0,
246,1,0.0,0.0,
243,1,0.0,0.0,
219,1,0.0,0.0,
231,1,0.0,0.0,
235,1,0.0,0.0,
263,1,0.0,0.0,
259,1,0.0,0.0,
289,1,0.0,0.0,
264,1,0.0,0.0,
274,1,0.0,0.0,
279,1,0.0,0.0,
282,1,0.0,0.0,
287,1,0.0,0.0,
